epoch,train_loss,val_loss,train_accuracy,val_accuracy,train_macro_f1,val_macro_f1,learning_rate,epoch_time_seconds
1,0.9354609395851682,1.7853902616787116,0.887144259077527,0.5536409116175653,0.8543883136191892,0.45843334160941696,0.001,183.2336
2,0.7054294202231799,1.8097300607671731,0.9727183513248283,0.547526403557532,0.9640919366359157,0.4737010045048058,0.001,162.3056
