{
  "accuracy": 0.547526403557532,
  "macro_precision": 0.47184295714464686,
  "macro_recall": 0.5537162819112741,
  "macro_f1": 0.4737010045048058,
  "loss": 1.8097300607671731,
  "num_samples": 1799
}
